Datetime,Water Level (m)
2026-01-03 00:00:00,-0.23202361
2026-01-03 01:00:00,0.053333748
2026-01-03 02:00:00,0.23259108
2026-01-03 03:00:00,0.23382199
2026-01-03 04:00:00,0.043978594
2026-01-03 05:00:00,-0.28010887
2026-01-03 06:00:00,-0.6412518
2026-01-03 07:00:00,-0.9622122
2026-01-03 08:00:00,-1.1433464
2026-01-03 09:00:00,-1.1325318
2026-01-03 10:00:00,-0.9121783
2026-01-03 11:00:00,-0.54376984
2026-01-03 12:00:00,-0.10450445
2026-01-03 13:00:00,0.3236439
2026-01-03 14:00:00,0.6310595
2026-01-03 15:00:00,0.7469639
2026-01-03 16:00:00,0.6388261
2026-01-03 17:00:00,0.3546625
2026-01-03 18:00:00,-0.054751303
2026-01-03 19:00:00,-0.50063336
2026-01-03 20:00:00,-0.8717409
2026-01-03 21:00:00,-1.0788196
2026-01-03 22:00:00,-1.0710499
2026-01-03 23:00:00,-0.8571482
2026-01-04 00:00:00,-0.516696
2026-01-04 01:00:00,-0.14761795
2026-01-04 02:00:00,0.14890762
2026-01-04 03:00:00,0.27936423
2026-01-04 04:00:00,0.22659974
2026-01-04 05:00:00,-0.008046156
2026-01-04 06:00:00,-0.33617467
2026-01-04 07:00:00,-0.7065731
2026-01-04 08:00:00,-1.0015092
2026-01-04 09:00:00,-1.1525202
2026-01-04 10:00:00,-1.1102881
2026-01-04 11:00:00,-0.8677907
2026-01-04 12:00:00,-0.4562229
2026-01-04 13:00:00,0.008167198
2026-01-04 14:00:00,0.41741344
2026-01-04 15:00:00,0.6907345
2026-01-04 16:00:00,0.7407909
2026-01-04 17:00:00,0.5690125
2026-01-04 18:00:00,0.23042142
2026-01-04 19:00:00,-0.21506943
2026-01-04 20:00:00,-0.6529849
2026-01-04 21:00:00,-0.98710114
2026-01-04 22:00:00,-1.1322951
2026-01-04 23:00:00,-1.058695
2026-01-05 00:00:00,-0.8007618
2026-01-05 01:00:00,-0.43563092
2026-01-05 02:00:00,-0.06851916
2026-01-05 03:00:00,0.18844661
2026-01-05 04:00:00,0.28577667
2026-01-05 05:00:00,0.18804921
2026-01-05 06:00:00,-0.056674372
2026-01-05 07:00:00,-0.40316814
2026-01-05 08:00:00,-0.75723267
2026-01-05 09:00:00,-1.016827
2026-01-05 10:00:00,-1.1254557
2026-01-05 11:00:00,-1.0439181
2026-01-05 12:00:00,-0.75390464
2026-01-05 13:00:00,-0.33539867
2026-01-05 14:00:00,0.11526469
2026-01-05 15:00:00,0.48801884
2026-01-05 16:00:00,0.6905997
2026-01-05 17:00:00,0.67621964
2026-01-05 18:00:00,0.44864887
2026-01-05 19:00:00,0.06934179
2026-01-05 20:00:00,-0.37661716
2026-01-05 21:00:00,-0.7796464
2026-01-05 22:00:00,-1.0478733
2026-01-05 23:00:00,-1.1294879
2026-01-06 00:00:00,-0.9970855
2026-01-06 01:00:00,-0.70578814
2026-01-06 02:00:00,-0.33294228
2026-01-06 03:00:00,0.0065298867
2026-01-06 04:00:00,0.21971406
2026-01-06 05:00:00,0.26750124
2026-01-06 06:00:00,0.14369251
2026-01-06 07:00:00,-0.12296613
2026-01-06 08:00:00,-0.45728412
2026-01-06 09:00:00,-0.7684438
2026-01-06 10:00:00,-0.98710775
2026-01-06 11:00:00,-1.051127
2026-01-06 12:00:00,-0.9227034
2026-01-06 13:00:00,-0.6109376
2026-01-06 14:00:00,-0.19858709
2026-01-06 15:00:00,0.21177915
2026-01-06 16:00:00,0.50833106
2026-01-06 17:00:00,0.6296485
2026-01-06 18:00:00,0.5410415
2026-01-06 19:00:00,0.2723945
2026-01-06 20:00:00,-0.11935684
2026-01-06 21:00:00,-0.5270686
2026-01-06 22:00:00,-0.86713666
2026-01-06 23:00:00,-1.059967
2026-01-07 00:00:00,-1.0703757
2026-01-07 01:00:00,-0.89471906
2026-01-07 02:00:00,-0.58637965
2026-01-07 03:00:00,-0.23613481
2026-01-07 04:00:00,0.055669557
2026-01-07 05:00:00,0.21636651
2026-01-07 06:00:00,0.23554298
2026-01-07 07:00:00,0.07905729
2026-01-07 08:00:00,-0.18426737
2026-01-07 09:00:00,-0.49673712
2026-01-07 10:00:00,-0.76166004
2026-01-07 11:00:00,-0.93893015
2026-01-07 12:00:00,-0.93980616
2026-01-07 13:00:00,-0.76314056
2026-01-07 14:00:00,-0.44306877
2026-01-07 15:00:00,-0.06814356
2026-01-07 16:00:00,0.26188385
2026-01-07 17:00:00,0.46795142
2026-01-07 18:00:00,0.4973233
2026-01-07 19:00:00,0.35663018
2026-01-07 20:00:00,0.06906862
2026-01-07 21:00:00,-0.2927123
2026-01-07 22:00:00,-0.6390458
2026-01-07 23:00:00,-0.9006262
2026-01-08 00:00:00,-1.0280715
2026-01-08 01:00:00,-0.9739966
2026-01-08 02:00:00,-0.7665475
2026-01-08 03:00:00,-0.46294457
2026-01-08 04:00:00,-0.15266755
2026-01-08 05:00:00,0.07332437
2026-01-08 06:00:00,0.20129219
2026-01-08 07:00:00,0.16736259
2026-01-08 08:00:00,0.00015467209
2026-01-08 09:00:00,-0.24135913
2026-01-08 10:00:00,-0.5077434
2026-01-08 11:00:00,-0.72576964
2026-01-08 12:00:00,-0.8272766
2026-01-08 13:00:00,-0.78525794
2026-01-08 14:00:00,-0.5912872
2026-01-08 15:00:00,-0.29660988
2026-01-08 16:00:00,0.0038576256
2026-01-08 17:00:00,0.25133297
2026-01-08 18:00:00,0.36763635
2026-01-08 19:00:00,0.3383403
2026-01-08 20:00:00,0.15858416
2026-01-08 21:00:00,-0.11046754
2026-01-08 22:00:00,-0.41753757
2026-01-08 23:00:00,-0.6938701
2026-01-09 00:00:00,-0.88167846
